.	dir	755	-	-
./archive	dir	700	-	-
./archive/565af20b-a9ad-4de9-8266-896fffce4bcc	dir	700	-	-
./archive/565af20b-a9ad-4de9-8266-896fffce4bcc/digest.md	file	600	-	4845dc9df2ec189f1e9f4826754a6b06e32c9ce4d256c028492c389982ed5556
./archive/565af20b-a9ad-4de9-8266-896fffce4bcc/events.jsonl	file	600	-	2bd798d0a1c790746ca37c25b16725850db36e91ead9df341fd465e3a677233e
./archive/565af20b-a9ad-4de9-8266-896fffce4bcc/memo.tsv	file	600	-	d5d05a1249942590c1712cd9443b2a9e3495232eb9e25a22e38c9935dd24f4a1
./archive/565af20b-a9ad-4de9-8266-896fffce4bcc/messages	dir	700	-	-
./archive/565af20b-a9ad-4de9-8266-896fffce4bcc/messages/ae-20260820T001200Z-f2a3cc47.ask.JrfR4u.txt	file	600	-	8ff22439136d97bb3693bc7f5b956d60474eb744df343718f0c45e6558a6bb30
./archive/565af20b-a9ad-4de9-8266-896fffce4bcc/messages/ae-20260820T001200Z-f2a3cc47.reply.xLm7p4.txt	file	600	-	0cb67373c2e7535620aef2c202f91cab80b49aefc48f9eadb5a24eb0a2a62566
./archive/565af20b-a9ad-4de9-8266-896fffce4bcc/messages/ae-20260820T001500Z-bba72cc7.ask.pA1oA7.txt	file	600	-	110590c08dc3ea0149b69ee4e78f4dc64c4db84403c8f03f6e258f6ab7b3538b
./archive/565af20b-a9ad-4de9-8266-896fffce4bcc/messages/ae-20260820T001600Z-4c779d53.ask.jCWOBp.txt	file	600	-	946809d2707d5e6332418887a7e868de12cbf2c51a2d360e0bab988757832f8a
./archive/565af20b-a9ad-4de9-8266-896fffce4bcc/messages/ae-20260820T020000Z-dacb7d21.ask.QjcF92.txt	file	600	-	add6b2e94a0ecf7b8711a5b30bde241f0aa5f310b1b1ed7495636bd1393bc56a
./archive/565af20b-a9ad-4de9-8266-896fffce4bcc/messages/msg-20260820T000300Z.send.l9wnf8.txt	file	600	-	97ff4bf4166812203e40a8fae4e0c1607115fe88ea8d15fc28757d281e446f04
./archive/565af20b-a9ad-4de9-8266-896fffce4bcc/messages/review-20260820T001400Z-56974f89.review.bAlanU.txt	file	600	-	d22edf9b06cae04d507af8e5b30124e7607673f350d1774df9260b859550950b
./archive/565af20b-a9ad-4de9-8266-896fffce4bcc/meta	file	600	-	fe1f9f14722c1e05b8c9da52b9cbe17781eb0e181f09ca3d9ad0c4143108a39b
./config	file	644	-	7e785e9a48d58d7c8729b3c461c5415abb6845282ae8c53ab3a6de43f3ce4511
./sessions	dir	755	-	-
./sessions/.lifecycle.b0d7.lock	file	644	-	e3b0c44298fc1c149afbf4c8996fb92427ae41e4649b934ca495991b7852b855
./sessions/.lifecycle.xpartner.lock	file	644	-	e3b0c44298fc1c149afbf4c8996fb92427ae41e4649b934ca495991b7852b855
./sessions/.locks	dir	755	-	-
./sessions/.locks/send-lock-_0	file	644	-	e3b0c44298fc1c149afbf4c8996fb92427ae41e4649b934ca495991b7852b855
./sessions/.locks/send-lock-_2	file	644	-	e3b0c44298fc1c149afbf4c8996fb92427ae41e4649b934ca495991b7852b855
./sessions/.locks/send-lock-_4	file	644	-	e3b0c44298fc1c149afbf4c8996fb92427ae41e4649b934ca495991b7852b855
./sessions/b0d7	dir	700	-	-
./sessions/b0d7/_lib	file	700	-	91da0d9b5bcd6d3c8abcd5c974fe7be0c63a329ba5971cbbb57b6fd8e71a2d40
./sessions/b0d7/_register-sid	file	700	-	c721ca5febeedffb03db2f4fc0b50034e3e4674d1a95fac7715e345242ad1811
./sessions/b0d7/agents	file	700	-	e97fd815e17b2c05af59e74dff8e86a7a4758699bf440f83508ff6601207cff6
./sessions/b0d7/ask	file	700	-	b9e34f5a19049f490477578df6890a104eece6212ab71c7252599ba08a23f67e
./sessions/b0d7/events-tail	file	700	-	3a238f619cef096f841b46154f733cf69c02ed692140f476d0d922a9920f1f79
./sessions/b0d7/focus	file	700	-	b99c064fc6d6cedb48a4ac6506bc7eadb91eb78784976c7e8aa8b37a71c1ae34
./sessions/b0d7/goal	file	700	-	19aaeae31baaeb7683213c5d796e00f0791d5c2ca575a66663e113d1970f811d
./sessions/b0d7/interrupt	file	700	-	c4ae6dd3260d97d9531a7d5431cfd70448e784e926cc8fb97d168dffc706a949
./sessions/b0d7/launch.main.sh	file	700	-	ba5a9b9db82c9a0618d8bffa3b210200f66cda1b8452fcba5606b731e17b49fb
./sessions/b0d7/loop	file	700	-	9ccb473ebd8d94e93b1b5963e3791abdf1c7a2f36d3a7c3cda5ca9ad7029e411
./sessions/b0d7/mark-done	file	700	-	e6ac70ef4b06895da3c0c2c467bb516fe78d2e893edb68f8208f2a32b4fafe98
./sessions/b0d7/memo	file	700	-	015b02d44e3f623ed36c0f5d562c8d17e562383c178b59898bd90e8c24aa3389
./sessions/b0d7/meta	file	644	-	94acd839867a1f004424a77cd119ebf1dc677a63c26caacf6a5d969289dbcd90
./sessions/b0d7/meta.lock	file	644	-	e3b0c44298fc1c149afbf4c8996fb92427ae41e4649b934ca495991b7852b855
./sessions/b0d7/peak	file	700	-	e80cd4509934a5aa3cd1ed857cda8b359aad9f19f481a21fa6f21243b62442dd
./sessions/b0d7/peek	file	700	-	aca933b1b14b03b1e277e28516a60928d6c24020fd6cc4af909ae1accb095759
./sessions/b0d7/reply	file	700	-	7d60a140b30bbbe0ddd15e5d8f343b21d4e284bec69df6a56c109cdd906f3a41
./sessions/b0d7/requests	file	700	-	12250cf45a289ed6f42a48139df9e420ad6f07102f99590641550b92d2358ffe
./sessions/b0d7/retire	file	700	-	1883cb76e0d3222a86f3bb9147b410a31d5b41b4358c28c1fca19398a5006a7b
./sessions/b0d7/review	file	700	-	c84399469d74eda29059d073f8550bd2b937f6f515b08bcdc33b56d3c4f70393
./sessions/b0d7/say	file	700	-	ffe33dded31fae60aa35b83fd9df5e783f2a110bd7753865940fdda5704b624c
./sessions/b0d7/send	file	700	-	91b0ec71a12125546951f5cac6c90958940b5d153ba8164524bb951e10fb24a8
./sessions/b0d7/spawn	file	700	-	336e8271fef419a91d513d4f279f8b220376861c53e39120540d812c3598a6a9
./sessions/b0d7/state	file	700	-	986a6441f22f3f13385a5a492779081d28aaf38e7239f440078c8ff395cc9100
./sessions/b0d7/watchdog	file	700	-	d84a15e45271d9ea64fb4f188c0be59f7be2c898c95e18b4ec3b46e25de06cc1
./sessions/b0d7/workspace.md	file	644	-	6d2bf0454ba535bdc5062d55aa7d1b1646e659c4ff3efcb65e71683598c56a23
./sessions/xpartner	dir	700	-	-
./sessions/xpartner/_lib	file	700	-	91da0d9b5bcd6d3c8abcd5c974fe7be0c63a329ba5971cbbb57b6fd8e71a2d40
./sessions/xpartner/_register-sid	file	700	-	c721ca5febeedffb03db2f4fc0b50034e3e4674d1a95fac7715e345242ad1811
./sessions/xpartner/agents	file	700	-	e97fd815e17b2c05af59e74dff8e86a7a4758699bf440f83508ff6601207cff6
./sessions/xpartner/ask	file	700	-	b9e34f5a19049f490477578df6890a104eece6212ab71c7252599ba08a23f67e
./sessions/xpartner/events-tail	file	700	-	3a238f619cef096f841b46154f733cf69c02ed692140f476d0d922a9920f1f79
./sessions/xpartner/events.jsonl	file	644	-	5ef06b9f642e1453254303ed40b82eb2898abba3d54505060089f4766ddad3c2
./sessions/xpartner/events.jsonl.lock	file	644	-	e3b0c44298fc1c149afbf4c8996fb92427ae41e4649b934ca495991b7852b855
./sessions/xpartner/focus	file	700	-	b99c064fc6d6cedb48a4ac6506bc7eadb91eb78784976c7e8aa8b37a71c1ae34
./sessions/xpartner/goal	file	700	-	19aaeae31baaeb7683213c5d796e00f0791d5c2ca575a66663e113d1970f811d
./sessions/xpartner/interrupt	file	700	-	c4ae6dd3260d97d9531a7d5431cfd70448e784e926cc8fb97d168dffc706a949
./sessions/xpartner/launch.main.sh	file	700	-	ba5a9b9db82c9a0618d8bffa3b210200f66cda1b8452fcba5606b731e17b49fb
./sessions/xpartner/loop	file	700	-	9ccb473ebd8d94e93b1b5963e3791abdf1c7a2f36d3a7c3cda5ca9ad7029e411
./sessions/xpartner/mark-done	file	700	-	e6ac70ef4b06895da3c0c2c467bb516fe78d2e893edb68f8208f2a32b4fafe98
./sessions/xpartner/memo	file	700	-	015b02d44e3f623ed36c0f5d562c8d17e562383c178b59898bd90e8c24aa3389
./sessions/xpartner/meta	file	644	-	aa3fe7870cb78acb1baf03afdccbdc2f52e7c34169d50ece4b6d4d71282944d2
./sessions/xpartner/meta.lock	file	644	-	e3b0c44298fc1c149afbf4c8996fb92427ae41e4649b934ca495991b7852b855
./sessions/xpartner/peak	file	700	-	e80cd4509934a5aa3cd1ed857cda8b359aad9f19f481a21fa6f21243b62442dd
./sessions/xpartner/peek	file	700	-	aca933b1b14b03b1e277e28516a60928d6c24020fd6cc4af909ae1accb095759
./sessions/xpartner/reply	file	700	-	7d60a140b30bbbe0ddd15e5d8f343b21d4e284bec69df6a56c109cdd906f3a41
./sessions/xpartner/requests	file	700	-	12250cf45a289ed6f42a48139df9e420ad6f07102f99590641550b92d2358ffe
./sessions/xpartner/retire	file	700	-	1883cb76e0d3222a86f3bb9147b410a31d5b41b4358c28c1fca19398a5006a7b
./sessions/xpartner/review	file	700	-	c84399469d74eda29059d073f8550bd2b937f6f515b08bcdc33b56d3c4f70393
./sessions/xpartner/say	file	700	-	ffe33dded31fae60aa35b83fd9df5e783f2a110bd7753865940fdda5704b624c
./sessions/xpartner/send	file	700	-	91b0ec71a12125546951f5cac6c90958940b5d153ba8164524bb951e10fb24a8
./sessions/xpartner/spawn	file	700	-	336e8271fef419a91d513d4f279f8b220376861c53e39120540d812c3598a6a9
./sessions/xpartner/state	file	700	-	986a6441f22f3f13385a5a492779081d28aaf38e7239f440078c8ff395cc9100
./sessions/xpartner/watchdog	file	700	-	d84a15e45271d9ea64fb4f188c0be59f7be2c898c95e18b4ec3b46e25de06cc1
./sessions/xpartner/workspace.md	file	644	-	56bf7da996a6f7e84d26dfacd09168142eb817d3bd3ba16edaccfe491fdf44ff
