# manifest-root	/tmp/aelx/L-PURGE/empty-identity-purge/h/.ae/archive
#path	type	mode	nlink	size	link	sha256
.	dir	700	3	96	-	-
.publishing.2e731eb2-60d6-4dcf-8184-cb4b8ed9076b	dir	700	3	96	-	-
.publishing.2e731eb2-60d6-4dcf-8184-cb4b8ed9076b/payload	dir	700	7	224	-	-
.publishing.2e731eb2-60d6-4dcf-8184-cb4b8ed9076b/payload/digest.md	file	600	1	1300	-	6936cbd16ea7441b1e41705ce657d01db39f57aff9f13a0c114bd7224569202f
.publishing.2e731eb2-60d6-4dcf-8184-cb4b8ed9076b/payload/events.jsonl	file	600	1	0	-	e3b0c44298fc1c149afbf4c8996fb92427ae41e4649b934ca495991b7852b855
.publishing.2e731eb2-60d6-4dcf-8184-cb4b8ed9076b/payload/memo.tsv	file	600	1	0	-	e3b0c44298fc1c149afbf4c8996fb92427ae41e4649b934ca495991b7852b855
.publishing.2e731eb2-60d6-4dcf-8184-cb4b8ed9076b/payload/messages	dir	700	2	64	-	-
.publishing.2e731eb2-60d6-4dcf-8184-cb4b8ed9076b/payload/meta	file	600	1	653	-	4ac9e0630ea7ec9b1ed36fc4f45f4c19fde4c80db12b96f88059486b988c75dd
