file	444	cbc25e77d5514c8436540e06d67ff2dfe076ccce705123018489ab914c0fb4a9	-	./config
dir	555	-	-	./sessions
dir	500	-	-	./sessions/tg1
file	500	91da0d9b5bcd6d3c8abcd5c974fe7be0c63a329ba5971cbbb57b6fd8e71a2d40	-	./sessions/tg1/_lib
file	500	c721ca5febeedffb03db2f4fc0b50034e3e4674d1a95fac7715e345242ad1811	-	./sessions/tg1/_register-sid
file	500	e97fd815e17b2c05af59e74dff8e86a7a4758699bf440f83508ff6601207cff6	-	./sessions/tg1/agents
file	500	b9e34f5a19049f490477578df6890a104eece6212ab71c7252599ba08a23f67e	-	./sessions/tg1/ask
file	500	3a238f619cef096f841b46154f733cf69c02ed692140f476d0d922a9920f1f79	-	./sessions/tg1/events-tail
file	444	ddb70b8ef48c68987338c34c742844d076eedfc9623e1e79820c7ec6eaed8539	-	./sessions/tg1/events.jsonl
file	444	e3b0c44298fc1c149afbf4c8996fb92427ae41e4649b934ca495991b7852b855	-	./sessions/tg1/events.jsonl.lock
file	500	b99c064fc6d6cedb48a4ac6506bc7eadb91eb78784976c7e8aa8b37a71c1ae34	-	./sessions/tg1/focus
file	500	19aaeae31baaeb7683213c5d796e00f0791d5c2ca575a66663e113d1970f811d	-	./sessions/tg1/goal
file	500	c4ae6dd3260d97d9531a7d5431cfd70448e784e926cc8fb97d168dffc706a949	-	./sessions/tg1/interrupt
file	500	605b50248415babdd61ef1da14e911486706906df3da00394f6cf41891f5e1a1	-	./sessions/tg1/launch.main.sh
file	500	605b50248415babdd61ef1da14e911486706906df3da00394f6cf41891f5e1a1	-	./sessions/tg1/launch.worker.0.sh
file	500	9ccb473ebd8d94e93b1b5963e3791abdf1c7a2f36d3a7c3cda5ca9ad7029e411	-	./sessions/tg1/loop
file	500	e6ac70ef4b06895da3c0c2c467bb516fe78d2e893edb68f8208f2a32b4fafe98	-	./sessions/tg1/mark-done
file	500	015b02d44e3f623ed36c0f5d562c8d17e562383c178b59898bd90e8c24aa3389	-	./sessions/tg1/memo
file	444	d47b045d1600399ac9a4ed56d50550c3173713dc978eaad50b854a360fed2c78	-	./sessions/tg1/memo.tsv
file	444	e3b0c44298fc1c149afbf4c8996fb92427ae41e4649b934ca495991b7852b855	-	./sessions/tg1/memo.tsv.lock
dir	555	-	-	./sessions/tg1/messages
file	400	1535a231e7647782eea69006d30a1297df2a044dc16261b285ede0bcaaec5d9a	-	./sessions/tg1/messages/ae-20260820T161254Z-6fb0847b.ask.9bMI6v.txt
file	400	bf7f93cfb05d1bb3d46ee6d334eee56df460113a01bb52481040b2c1b6210552	-	./sessions/tg1/messages/ae-20260820T161254Z-6fb0847b.reply.SIj99J.txt
file	400	6232e1e2f87109d19211814981fd4d896f6eabd6234f80556190c6c25b94b3ef	-	./sessions/tg1/messages/msg-20260820T161254Z.send.oJ8PWa.txt
file	444	9c95b975917e11fcec42d1b51824bbf2e0150416eead89287399201536cf75ee	-	./sessions/tg1/meta
file	444	e3b0c44298fc1c149afbf4c8996fb92427ae41e4649b934ca495991b7852b855	-	./sessions/tg1/meta.lock
file	500	e80cd4509934a5aa3cd1ed857cda8b359aad9f19f481a21fa6f21243b62442dd	-	./sessions/tg1/peak
file	500	aca933b1b14b03b1e277e28516a60928d6c24020fd6cc4af909ae1accb095759	-	./sessions/tg1/peek
file	500	7d60a140b30bbbe0ddd15e5d8f343b21d4e284bec69df6a56c109cdd906f3a41	-	./sessions/tg1/reply
file	500	12250cf45a289ed6f42a48139df9e420ad6f07102f99590641550b92d2358ffe	-	./sessions/tg1/requests
file	500	1883cb76e0d3222a86f3bb9147b410a31d5b41b4358c28c1fca19398a5006a7b	-	./sessions/tg1/retire
file	500	c84399469d74eda29059d073f8550bd2b937f6f515b08bcdc33b56d3c4f70393	-	./sessions/tg1/review
file	500	ffe33dded31fae60aa35b83fd9df5e783f2a110bd7753865940fdda5704b624c	-	./sessions/tg1/say
file	500	91b0ec71a12125546951f5cac6c90958940b5d153ba8164524bb951e10fb24a8	-	./sessions/tg1/send
file	500	336e8271fef419a91d513d4f279f8b220376861c53e39120540d812c3598a6a9	-	./sessions/tg1/spawn
file	500	986a6441f22f3f13385a5a492779081d28aaf38e7239f440078c8ff395cc9100	-	./sessions/tg1/state
file	500	d84a15e45271d9ea64fb4f188c0be59f7be2c898c95e18b4ec3b46e25de06cc1	-	./sessions/tg1/watchdog
file	444	79f642af1ab7dd3ab07d42813202f27f2c60346576e2da9a5376415b3bf2830b	-	./sessions/tg1/workspace.md
dir	500	-	-	./sessions/tg2b
file	500	91da0d9b5bcd6d3c8abcd5c974fe7be0c63a329ba5971cbbb57b6fd8e71a2d40	-	./sessions/tg2b/_lib
file	500	c721ca5febeedffb03db2f4fc0b50034e3e4674d1a95fac7715e345242ad1811	-	./sessions/tg2b/_register-sid
file	500	e97fd815e17b2c05af59e74dff8e86a7a4758699bf440f83508ff6601207cff6	-	./sessions/tg2b/agents
file	500	b9e34f5a19049f490477578df6890a104eece6212ab71c7252599ba08a23f67e	-	./sessions/tg2b/ask
file	500	3a238f619cef096f841b46154f733cf69c02ed692140f476d0d922a9920f1f79	-	./sessions/tg2b/events-tail
file	444	8a2d3b3d8bfb96d7345726156d01f2256c7b1004ab87e4d5c24c1b35fb8af962	-	./sessions/tg2b/events.jsonl
file	444	e3b0c44298fc1c149afbf4c8996fb92427ae41e4649b934ca495991b7852b855	-	./sessions/tg2b/events.jsonl.lock
file	500	b99c064fc6d6cedb48a4ac6506bc7eadb91eb78784976c7e8aa8b37a71c1ae34	-	./sessions/tg2b/focus
file	500	19aaeae31baaeb7683213c5d796e00f0791d5c2ca575a66663e113d1970f811d	-	./sessions/tg2b/goal
file	500	c4ae6dd3260d97d9531a7d5431cfd70448e784e926cc8fb97d168dffc706a949	-	./sessions/tg2b/interrupt
file	500	605b50248415babdd61ef1da14e911486706906df3da00394f6cf41891f5e1a1	-	./sessions/tg2b/launch.main.sh
file	500	605b50248415babdd61ef1da14e911486706906df3da00394f6cf41891f5e1a1	-	./sessions/tg2b/launch.worker.0.sh
file	500	605b50248415babdd61ef1da14e911486706906df3da00394f6cf41891f5e1a1	-	./sessions/tg2b/launch.worker.1.sh
file	500	9ccb473ebd8d94e93b1b5963e3791abdf1c7a2f36d3a7c3cda5ca9ad7029e411	-	./sessions/tg2b/loop
file	500	e6ac70ef4b06895da3c0c2c467bb516fe78d2e893edb68f8208f2a32b4fafe98	-	./sessions/tg2b/mark-done
file	500	015b02d44e3f623ed36c0f5d562c8d17e562383c178b59898bd90e8c24aa3389	-	./sessions/tg2b/memo
dir	555	-	-	./sessions/tg2b/messages
file	400	2086360bfafefbbb23e57863e81a2dc0f9f59816b5df22dbe88d207fdf1fbf38	-	./sessions/tg2b/messages/ae-20250812T122000Z-b1416d09.ask.zxrlBN.txt
file	444	0c537388fcc2200452abb31330820dd5fad198edea7d368fbcfcf70c09d020ff	-	./sessions/tg2b/meta
file	444	e3b0c44298fc1c149afbf4c8996fb92427ae41e4649b934ca495991b7852b855	-	./sessions/tg2b/meta.lock
file	500	e80cd4509934a5aa3cd1ed857cda8b359aad9f19f481a21fa6f21243b62442dd	-	./sessions/tg2b/peak
file	500	aca933b1b14b03b1e277e28516a60928d6c24020fd6cc4af909ae1accb095759	-	./sessions/tg2b/peek
file	500	7d60a140b30bbbe0ddd15e5d8f343b21d4e284bec69df6a56c109cdd906f3a41	-	./sessions/tg2b/reply
file	500	12250cf45a289ed6f42a48139df9e420ad6f07102f99590641550b92d2358ffe	-	./sessions/tg2b/requests
file	500	1883cb76e0d3222a86f3bb9147b410a31d5b41b4358c28c1fca19398a5006a7b	-	./sessions/tg2b/retire
file	500	c84399469d74eda29059d073f8550bd2b937f6f515b08bcdc33b56d3c4f70393	-	./sessions/tg2b/review
file	500	ffe33dded31fae60aa35b83fd9df5e783f2a110bd7753865940fdda5704b624c	-	./sessions/tg2b/say
file	500	91b0ec71a12125546951f5cac6c90958940b5d153ba8164524bb951e10fb24a8	-	./sessions/tg2b/send
file	500	336e8271fef419a91d513d4f279f8b220376861c53e39120540d812c3598a6a9	-	./sessions/tg2b/spawn
file	500	986a6441f22f3f13385a5a492779081d28aaf38e7239f440078c8ff395cc9100	-	./sessions/tg2b/state
file	500	d84a15e45271d9ea64fb4f188c0be59f7be2c898c95e18b4ec3b46e25de06cc1	-	./sessions/tg2b/watchdog
file	444	977423682b5895574176d1f0b9cd497c869a1adc7bf8531e43ab266296081c4b	-	./sessions/tg2b/workspace.md
dir	500	-	-	./sessions/tg2bl
file	500	91da0d9b5bcd6d3c8abcd5c974fe7be0c63a329ba5971cbbb57b6fd8e71a2d40	-	./sessions/tg2bl/_lib
file	500	c721ca5febeedffb03db2f4fc0b50034e3e4674d1a95fac7715e345242ad1811	-	./sessions/tg2bl/_register-sid
file	500	e97fd815e17b2c05af59e74dff8e86a7a4758699bf440f83508ff6601207cff6	-	./sessions/tg2bl/agents
file	500	b9e34f5a19049f490477578df6890a104eece6212ab71c7252599ba08a23f67e	-	./sessions/tg2bl/ask
file	500	3a238f619cef096f841b46154f733cf69c02ed692140f476d0d922a9920f1f79	-	./sessions/tg2bl/events-tail
file	444	d4ed4e0c6f6ef94789ec031640d49f1dcad7284932fa1b61c42da8cf60bdaa4c	-	./sessions/tg2bl/events.jsonl
file	444	e3b0c44298fc1c149afbf4c8996fb92427ae41e4649b934ca495991b7852b855	-	./sessions/tg2bl/events.jsonl.lock
file	500	b99c064fc6d6cedb48a4ac6506bc7eadb91eb78784976c7e8aa8b37a71c1ae34	-	./sessions/tg2bl/focus
file	500	19aaeae31baaeb7683213c5d796e00f0791d5c2ca575a66663e113d1970f811d	-	./sessions/tg2bl/goal
file	500	c4ae6dd3260d97d9531a7d5431cfd70448e784e926cc8fb97d168dffc706a949	-	./sessions/tg2bl/interrupt
file	500	605b50248415babdd61ef1da14e911486706906df3da00394f6cf41891f5e1a1	-	./sessions/tg2bl/launch.main.sh
file	500	605b50248415babdd61ef1da14e911486706906df3da00394f6cf41891f5e1a1	-	./sessions/tg2bl/launch.worker.0.sh
file	500	9ccb473ebd8d94e93b1b5963e3791abdf1c7a2f36d3a7c3cda5ca9ad7029e411	-	./sessions/tg2bl/loop
file	500	e6ac70ef4b06895da3c0c2c467bb516fe78d2e893edb68f8208f2a32b4fafe98	-	./sessions/tg2bl/mark-done
file	500	015b02d44e3f623ed36c0f5d562c8d17e562383c178b59898bd90e8c24aa3389	-	./sessions/tg2bl/memo
file	444	5953002ebcaf64df0456e9cfd2c540c9f97182ee4fc88bdf49838c2e5e0b40fd	-	./sessions/tg2bl/meta
file	444	e3b0c44298fc1c149afbf4c8996fb92427ae41e4649b934ca495991b7852b855	-	./sessions/tg2bl/meta.lock
file	500	e80cd4509934a5aa3cd1ed857cda8b359aad9f19f481a21fa6f21243b62442dd	-	./sessions/tg2bl/peak
file	500	aca933b1b14b03b1e277e28516a60928d6c24020fd6cc4af909ae1accb095759	-	./sessions/tg2bl/peek
file	500	7d60a140b30bbbe0ddd15e5d8f343b21d4e284bec69df6a56c109cdd906f3a41	-	./sessions/tg2bl/reply
file	500	12250cf45a289ed6f42a48139df9e420ad6f07102f99590641550b92d2358ffe	-	./sessions/tg2bl/requests
file	500	1883cb76e0d3222a86f3bb9147b410a31d5b41b4358c28c1fca19398a5006a7b	-	./sessions/tg2bl/retire
file	500	c84399469d74eda29059d073f8550bd2b937f6f515b08bcdc33b56d3c4f70393	-	./sessions/tg2bl/review
file	500	ffe33dded31fae60aa35b83fd9df5e783f2a110bd7753865940fdda5704b624c	-	./sessions/tg2bl/say
file	500	91b0ec71a12125546951f5cac6c90958940b5d153ba8164524bb951e10fb24a8	-	./sessions/tg2bl/send
file	500	336e8271fef419a91d513d4f279f8b220376861c53e39120540d812c3598a6a9	-	./sessions/tg2bl/spawn
file	500	986a6441f22f3f13385a5a492779081d28aaf38e7239f440078c8ff395cc9100	-	./sessions/tg2bl/state
file	500	d84a15e45271d9ea64fb4f188c0be59f7be2c898c95e18b4ec3b46e25de06cc1	-	./sessions/tg2bl/watchdog
file	444	35acd0d565db3f0f5cf51337a62e852864cf26f648dc81771204774b6346b1d9	-	./sessions/tg2bl/workspace.md
dir	500	-	-	./sessions/tg2un
file	500	91da0d9b5bcd6d3c8abcd5c974fe7be0c63a329ba5971cbbb57b6fd8e71a2d40	-	./sessions/tg2un/_lib
file	500	c721ca5febeedffb03db2f4fc0b50034e3e4674d1a95fac7715e345242ad1811	-	./sessions/tg2un/_register-sid
file	500	e97fd815e17b2c05af59e74dff8e86a7a4758699bf440f83508ff6601207cff6	-	./sessions/tg2un/agents
file	500	b9e34f5a19049f490477578df6890a104eece6212ab71c7252599ba08a23f67e	-	./sessions/tg2un/ask
file	500	3a238f619cef096f841b46154f733cf69c02ed692140f476d0d922a9920f1f79	-	./sessions/tg2un/events-tail
file	444	8d46edadba74b94cfcdd7b6d4a0f15ad07d8efce5126565bfb9121b6285641d0	-	./sessions/tg2un/events.jsonl
file	444	e3b0c44298fc1c149afbf4c8996fb92427ae41e4649b934ca495991b7852b855	-	./sessions/tg2un/events.jsonl.lock
file	500	b99c064fc6d6cedb48a4ac6506bc7eadb91eb78784976c7e8aa8b37a71c1ae34	-	./sessions/tg2un/focus
file	500	19aaeae31baaeb7683213c5d796e00f0791d5c2ca575a66663e113d1970f811d	-	./sessions/tg2un/goal
file	500	c4ae6dd3260d97d9531a7d5431cfd70448e784e926cc8fb97d168dffc706a949	-	./sessions/tg2un/interrupt
file	500	605b50248415babdd61ef1da14e911486706906df3da00394f6cf41891f5e1a1	-	./sessions/tg2un/launch.main.sh
file	500	605b50248415babdd61ef1da14e911486706906df3da00394f6cf41891f5e1a1	-	./sessions/tg2un/launch.worker.0.sh
file	500	9ccb473ebd8d94e93b1b5963e3791abdf1c7a2f36d3a7c3cda5ca9ad7029e411	-	./sessions/tg2un/loop
file	500	e6ac70ef4b06895da3c0c2c467bb516fe78d2e893edb68f8208f2a32b4fafe98	-	./sessions/tg2un/mark-done
file	500	015b02d44e3f623ed36c0f5d562c8d17e562383c178b59898bd90e8c24aa3389	-	./sessions/tg2un/memo
dir	555	-	-	./sessions/tg2un/messages
file	400	e9bfac7216ce72bff70294c76020ec8e6604af05ca7a230c6c579b01f37ac571	-	./sessions/tg2un/messages/ae-20250812T120000Z-4b548852.ask.RQr4W5.txt
file	444	3448ff1b38246be75486cb46b62e4c54b23191bae71597ef7452ff0f3f2a7988	-	./sessions/tg2un/meta
file	444	e3b0c44298fc1c149afbf4c8996fb92427ae41e4649b934ca495991b7852b855	-	./sessions/tg2un/meta.lock
file	500	e80cd4509934a5aa3cd1ed857cda8b359aad9f19f481a21fa6f21243b62442dd	-	./sessions/tg2un/peak
file	500	aca933b1b14b03b1e277e28516a60928d6c24020fd6cc4af909ae1accb095759	-	./sessions/tg2un/peek
file	500	7d60a140b30bbbe0ddd15e5d8f343b21d4e284bec69df6a56c109cdd906f3a41	-	./sessions/tg2un/reply
file	500	12250cf45a289ed6f42a48139df9e420ad6f07102f99590641550b92d2358ffe	-	./sessions/tg2un/requests
file	500	1883cb76e0d3222a86f3bb9147b410a31d5b41b4358c28c1fca19398a5006a7b	-	./sessions/tg2un/retire
file	500	c84399469d74eda29059d073f8550bd2b937f6f515b08bcdc33b56d3c4f70393	-	./sessions/tg2un/review
file	500	ffe33dded31fae60aa35b83fd9df5e783f2a110bd7753865940fdda5704b624c	-	./sessions/tg2un/say
file	500	91b0ec71a12125546951f5cac6c90958940b5d153ba8164524bb951e10fb24a8	-	./sessions/tg2un/send
file	500	336e8271fef419a91d513d4f279f8b220376861c53e39120540d812c3598a6a9	-	./sessions/tg2un/spawn
file	500	986a6441f22f3f13385a5a492779081d28aaf38e7239f440078c8ff395cc9100	-	./sessions/tg2un/state
file	500	d84a15e45271d9ea64fb4f188c0be59f7be2c898c95e18b4ec3b46e25de06cc1	-	./sessions/tg2un/watchdog
file	444	cc556abaf3b6f02f01e4fe5171cdf68ad6a02df01dd94aacb78eb5369b212482	-	./sessions/tg2un/workspace.md
dir	500	-	-	./sessions/tg2wu
file	500	91da0d9b5bcd6d3c8abcd5c974fe7be0c63a329ba5971cbbb57b6fd8e71a2d40	-	./sessions/tg2wu/_lib
file	500	c721ca5febeedffb03db2f4fc0b50034e3e4674d1a95fac7715e345242ad1811	-	./sessions/tg2wu/_register-sid
file	500	e97fd815e17b2c05af59e74dff8e86a7a4758699bf440f83508ff6601207cff6	-	./sessions/tg2wu/agents
file	500	b9e34f5a19049f490477578df6890a104eece6212ab71c7252599ba08a23f67e	-	./sessions/tg2wu/ask
file	500	3a238f619cef096f841b46154f733cf69c02ed692140f476d0d922a9920f1f79	-	./sessions/tg2wu/events-tail
file	444	34aa8c8e2855f9df8e5d45996c1aab78b68a08fb98cc6ab2a9eadeb9c31e745a	-	./sessions/tg2wu/events.jsonl
file	444	e3b0c44298fc1c149afbf4c8996fb92427ae41e4649b934ca495991b7852b855	-	./sessions/tg2wu/events.jsonl.lock
file	500	b99c064fc6d6cedb48a4ac6506bc7eadb91eb78784976c7e8aa8b37a71c1ae34	-	./sessions/tg2wu/focus
file	500	19aaeae31baaeb7683213c5d796e00f0791d5c2ca575a66663e113d1970f811d	-	./sessions/tg2wu/goal
file	500	c4ae6dd3260d97d9531a7d5431cfd70448e784e926cc8fb97d168dffc706a949	-	./sessions/tg2wu/interrupt
file	500	605b50248415babdd61ef1da14e911486706906df3da00394f6cf41891f5e1a1	-	./sessions/tg2wu/launch.main.sh
file	500	605b50248415babdd61ef1da14e911486706906df3da00394f6cf41891f5e1a1	-	./sessions/tg2wu/launch.worker.0.sh
file	500	9ccb473ebd8d94e93b1b5963e3791abdf1c7a2f36d3a7c3cda5ca9ad7029e411	-	./sessions/tg2wu/loop
file	500	e6ac70ef4b06895da3c0c2c467bb516fe78d2e893edb68f8208f2a32b4fafe98	-	./sessions/tg2wu/mark-done
file	500	015b02d44e3f623ed36c0f5d562c8d17e562383c178b59898bd90e8c24aa3389	-	./sessions/tg2wu/memo
dir	555	-	-	./sessions/tg2wu/messages
file	400	1c8513f2c1161405db191d33e649532cc5071ccb0b0ee2aef35274d0b753669f	-	./sessions/tg2wu/messages/msg-20260820T161336Z.send.0OO23R.txt
file	444	8a04784c633eb4370e8605a72c8235b5662ba8494e34b8abea08015ebb8e6570	-	./sessions/tg2wu/meta
file	444	e3b0c44298fc1c149afbf4c8996fb92427ae41e4649b934ca495991b7852b855	-	./sessions/tg2wu/meta.lock
file	500	e80cd4509934a5aa3cd1ed857cda8b359aad9f19f481a21fa6f21243b62442dd	-	./sessions/tg2wu/peak
file	500	aca933b1b14b03b1e277e28516a60928d6c24020fd6cc4af909ae1accb095759	-	./sessions/tg2wu/peek
file	500	7d60a140b30bbbe0ddd15e5d8f343b21d4e284bec69df6a56c109cdd906f3a41	-	./sessions/tg2wu/reply
file	500	12250cf45a289ed6f42a48139df9e420ad6f07102f99590641550b92d2358ffe	-	./sessions/tg2wu/requests
file	500	1883cb76e0d3222a86f3bb9147b410a31d5b41b4358c28c1fca19398a5006a7b	-	./sessions/tg2wu/retire
file	500	c84399469d74eda29059d073f8550bd2b937f6f515b08bcdc33b56d3c4f70393	-	./sessions/tg2wu/review
file	500	ffe33dded31fae60aa35b83fd9df5e783f2a110bd7753865940fdda5704b624c	-	./sessions/tg2wu/say
file	500	91b0ec71a12125546951f5cac6c90958940b5d153ba8164524bb951e10fb24a8	-	./sessions/tg2wu/send
file	500	336e8271fef419a91d513d4f279f8b220376861c53e39120540d812c3598a6a9	-	./sessions/tg2wu/spawn
file	500	986a6441f22f3f13385a5a492779081d28aaf38e7239f440078c8ff395cc9100	-	./sessions/tg2wu/state
file	500	d84a15e45271d9ea64fb4f188c0be59f7be2c898c95e18b4ec3b46e25de06cc1	-	./sessions/tg2wu/watchdog
file	444	70f4815ae6e441e7ebe11ef214000aa35a7c8dc229becef7d325daf618c84234	-	./sessions/tg2wu/workspace.md
dir	500	-	-	./sessions/tg6a
file	500	91da0d9b5bcd6d3c8abcd5c974fe7be0c63a329ba5971cbbb57b6fd8e71a2d40	-	./sessions/tg6a/_lib
file	500	c721ca5febeedffb03db2f4fc0b50034e3e4674d1a95fac7715e345242ad1811	-	./sessions/tg6a/_register-sid
file	500	e97fd815e17b2c05af59e74dff8e86a7a4758699bf440f83508ff6601207cff6	-	./sessions/tg6a/agents
file	500	b9e34f5a19049f490477578df6890a104eece6212ab71c7252599ba08a23f67e	-	./sessions/tg6a/ask
file	500	3a238f619cef096f841b46154f733cf69c02ed692140f476d0d922a9920f1f79	-	./sessions/tg6a/events-tail
file	444	ec3118de0f3b218a75a7d5f39d50bc760a913c9d1e5b4b45e4bb09caccc7923f	-	./sessions/tg6a/events.jsonl
file	444	e3b0c44298fc1c149afbf4c8996fb92427ae41e4649b934ca495991b7852b855	-	./sessions/tg6a/events.jsonl.lock
file	500	b99c064fc6d6cedb48a4ac6506bc7eadb91eb78784976c7e8aa8b37a71c1ae34	-	./sessions/tg6a/focus
file	500	19aaeae31baaeb7683213c5d796e00f0791d5c2ca575a66663e113d1970f811d	-	./sessions/tg6a/goal
file	500	c4ae6dd3260d97d9531a7d5431cfd70448e784e926cc8fb97d168dffc706a949	-	./sessions/tg6a/interrupt
file	500	605b50248415babdd61ef1da14e911486706906df3da00394f6cf41891f5e1a1	-	./sessions/tg6a/launch.main.sh
file	500	605b50248415babdd61ef1da14e911486706906df3da00394f6cf41891f5e1a1	-	./sessions/tg6a/launch.worker.0.sh
file	500	9ccb473ebd8d94e93b1b5963e3791abdf1c7a2f36d3a7c3cda5ca9ad7029e411	-	./sessions/tg6a/loop
file	500	e6ac70ef4b06895da3c0c2c467bb516fe78d2e893edb68f8208f2a32b4fafe98	-	./sessions/tg6a/mark-done
file	500	015b02d44e3f623ed36c0f5d562c8d17e562383c178b59898bd90e8c24aa3389	-	./sessions/tg6a/memo
dir	555	-	-	./sessions/tg6a/messages
file	400	aff3b1d1f34cca2c4bbef69018231e100f2d829dff90e46305257416110fd2b5	-	./sessions/tg6a/messages/msg-20260820T161400Z.send.6BOWUq.txt
file	444	0654c76bab8ea46e4d40234ea965255459225eb2d1fec62ca01366ab52cc2ffd	-	./sessions/tg6a/meta
file	444	e3b0c44298fc1c149afbf4c8996fb92427ae41e4649b934ca495991b7852b855	-	./sessions/tg6a/meta.lock
file	500	e80cd4509934a5aa3cd1ed857cda8b359aad9f19f481a21fa6f21243b62442dd	-	./sessions/tg6a/peak
file	500	aca933b1b14b03b1e277e28516a60928d6c24020fd6cc4af909ae1accb095759	-	./sessions/tg6a/peek
file	500	7d60a140b30bbbe0ddd15e5d8f343b21d4e284bec69df6a56c109cdd906f3a41	-	./sessions/tg6a/reply
file	500	12250cf45a289ed6f42a48139df9e420ad6f07102f99590641550b92d2358ffe	-	./sessions/tg6a/requests
file	500	1883cb76e0d3222a86f3bb9147b410a31d5b41b4358c28c1fca19398a5006a7b	-	./sessions/tg6a/retire
file	500	c84399469d74eda29059d073f8550bd2b937f6f515b08bcdc33b56d3c4f70393	-	./sessions/tg6a/review
file	500	ffe33dded31fae60aa35b83fd9df5e783f2a110bd7753865940fdda5704b624c	-	./sessions/tg6a/say
file	500	91b0ec71a12125546951f5cac6c90958940b5d153ba8164524bb951e10fb24a8	-	./sessions/tg6a/send
file	500	336e8271fef419a91d513d4f279f8b220376861c53e39120540d812c3598a6a9	-	./sessions/tg6a/spawn
file	500	986a6441f22f3f13385a5a492779081d28aaf38e7239f440078c8ff395cc9100	-	./sessions/tg6a/state
file	500	d84a15e45271d9ea64fb4f188c0be59f7be2c898c95e18b4ec3b46e25de06cc1	-	./sessions/tg6a/watchdog
file	444	c35c27ab3f472ffbba775a00e991606167ae55757b40d5f60ad5654b68b124d4	-	./sessions/tg6a/workspace.md
dir	500	-	-	./sessions/tg6b
file	500	91da0d9b5bcd6d3c8abcd5c974fe7be0c63a329ba5971cbbb57b6fd8e71a2d40	-	./sessions/tg6b/_lib
file	500	c721ca5febeedffb03db2f4fc0b50034e3e4674d1a95fac7715e345242ad1811	-	./sessions/tg6b/_register-sid
file	500	e97fd815e17b2c05af59e74dff8e86a7a4758699bf440f83508ff6601207cff6	-	./sessions/tg6b/agents
file	500	b9e34f5a19049f490477578df6890a104eece6212ab71c7252599ba08a23f67e	-	./sessions/tg6b/ask
file	500	3a238f619cef096f841b46154f733cf69c02ed692140f476d0d922a9920f1f79	-	./sessions/tg6b/events-tail
file	444	5f5c5b2afc6d811965352e5b827a74b4268067e7546784394b6f4ff0fcd9edb7	-	./sessions/tg6b/events.jsonl
file	444	e3b0c44298fc1c149afbf4c8996fb92427ae41e4649b934ca495991b7852b855	-	./sessions/tg6b/events.jsonl.lock
file	500	b99c064fc6d6cedb48a4ac6506bc7eadb91eb78784976c7e8aa8b37a71c1ae34	-	./sessions/tg6b/focus
file	500	19aaeae31baaeb7683213c5d796e00f0791d5c2ca575a66663e113d1970f811d	-	./sessions/tg6b/goal
file	500	c4ae6dd3260d97d9531a7d5431cfd70448e784e926cc8fb97d168dffc706a949	-	./sessions/tg6b/interrupt
file	500	605b50248415babdd61ef1da14e911486706906df3da00394f6cf41891f5e1a1	-	./sessions/tg6b/launch.main.sh
file	500	605b50248415babdd61ef1da14e911486706906df3da00394f6cf41891f5e1a1	-	./sessions/tg6b/launch.worker.0.sh
file	500	9ccb473ebd8d94e93b1b5963e3791abdf1c7a2f36d3a7c3cda5ca9ad7029e411	-	./sessions/tg6b/loop
file	500	e6ac70ef4b06895da3c0c2c467bb516fe78d2e893edb68f8208f2a32b4fafe98	-	./sessions/tg6b/mark-done
file	500	015b02d44e3f623ed36c0f5d562c8d17e562383c178b59898bd90e8c24aa3389	-	./sessions/tg6b/memo
file	444	9869295844daea41ef0bdc926c1c2e8833b37b6b4f275465eb15c7ebda3c0bfa	-	./sessions/tg6b/meta
file	444	e3b0c44298fc1c149afbf4c8996fb92427ae41e4649b934ca495991b7852b855	-	./sessions/tg6b/meta.lock
file	500	e80cd4509934a5aa3cd1ed857cda8b359aad9f19f481a21fa6f21243b62442dd	-	./sessions/tg6b/peak
file	500	aca933b1b14b03b1e277e28516a60928d6c24020fd6cc4af909ae1accb095759	-	./sessions/tg6b/peek
file	500	7d60a140b30bbbe0ddd15e5d8f343b21d4e284bec69df6a56c109cdd906f3a41	-	./sessions/tg6b/reply
file	500	12250cf45a289ed6f42a48139df9e420ad6f07102f99590641550b92d2358ffe	-	./sessions/tg6b/requests
file	500	1883cb76e0d3222a86f3bb9147b410a31d5b41b4358c28c1fca19398a5006a7b	-	./sessions/tg6b/retire
file	500	c84399469d74eda29059d073f8550bd2b937f6f515b08bcdc33b56d3c4f70393	-	./sessions/tg6b/review
file	500	ffe33dded31fae60aa35b83fd9df5e783f2a110bd7753865940fdda5704b624c	-	./sessions/tg6b/say
file	500	91b0ec71a12125546951f5cac6c90958940b5d153ba8164524bb951e10fb24a8	-	./sessions/tg6b/send
file	500	336e8271fef419a91d513d4f279f8b220376861c53e39120540d812c3598a6a9	-	./sessions/tg6b/spawn
file	500	986a6441f22f3f13385a5a492779081d28aaf38e7239f440078c8ff395cc9100	-	./sessions/tg6b/state
file	500	d84a15e45271d9ea64fb4f188c0be59f7be2c898c95e18b4ec3b46e25de06cc1	-	./sessions/tg6b/watchdog
file	444	11c395c3b9b371e656791cff36b09ed678544749dd3cad9f6902c302cd85f2c8	-	./sessions/tg6b/workspace.md
dir	500	-	-	./sessions/twda1
file	500	91da0d9b5bcd6d3c8abcd5c974fe7be0c63a329ba5971cbbb57b6fd8e71a2d40	-	./sessions/twda1/_lib
file	500	c721ca5febeedffb03db2f4fc0b50034e3e4674d1a95fac7715e345242ad1811	-	./sessions/twda1/_register-sid
file	500	e97fd815e17b2c05af59e74dff8e86a7a4758699bf440f83508ff6601207cff6	-	./sessions/twda1/agents
file	500	b9e34f5a19049f490477578df6890a104eece6212ab71c7252599ba08a23f67e	-	./sessions/twda1/ask
file	500	3a238f619cef096f841b46154f733cf69c02ed692140f476d0d922a9920f1f79	-	./sessions/twda1/events-tail
file	444	95a330470df9c871d60ee25e540a2d55ccebdcd3b0bfd4cb2c439d09bce49b13	-	./sessions/twda1/events.jsonl
file	444	e3b0c44298fc1c149afbf4c8996fb92427ae41e4649b934ca495991b7852b855	-	./sessions/twda1/events.jsonl.lock
file	500	b99c064fc6d6cedb48a4ac6506bc7eadb91eb78784976c7e8aa8b37a71c1ae34	-	./sessions/twda1/focus
file	500	19aaeae31baaeb7683213c5d796e00f0791d5c2ca575a66663e113d1970f811d	-	./sessions/twda1/goal
file	500	c4ae6dd3260d97d9531a7d5431cfd70448e784e926cc8fb97d168dffc706a949	-	./sessions/twda1/interrupt
file	500	605b50248415babdd61ef1da14e911486706906df3da00394f6cf41891f5e1a1	-	./sessions/twda1/launch.main.sh
file	500	9ccb473ebd8d94e93b1b5963e3791abdf1c7a2f36d3a7c3cda5ca9ad7029e411	-	./sessions/twda1/loop
file	500	e6ac70ef4b06895da3c0c2c467bb516fe78d2e893edb68f8208f2a32b4fafe98	-	./sessions/twda1/mark-done
file	500	015b02d44e3f623ed36c0f5d562c8d17e562383c178b59898bd90e8c24aa3389	-	./sessions/twda1/memo
file	444	c55784ed00b839d6e919e48f719a2d0e8b9122c3cee1cc420ad16a2e8eb8fa13	-	./sessions/twda1/meta
file	444	e3b0c44298fc1c149afbf4c8996fb92427ae41e4649b934ca495991b7852b855	-	./sessions/twda1/meta.lock
file	500	e80cd4509934a5aa3cd1ed857cda8b359aad9f19f481a21fa6f21243b62442dd	-	./sessions/twda1/peak
file	500	aca933b1b14b03b1e277e28516a60928d6c24020fd6cc4af909ae1accb095759	-	./sessions/twda1/peek
file	500	7d60a140b30bbbe0ddd15e5d8f343b21d4e284bec69df6a56c109cdd906f3a41	-	./sessions/twda1/reply
file	500	12250cf45a289ed6f42a48139df9e420ad6f07102f99590641550b92d2358ffe	-	./sessions/twda1/requests
file	500	1883cb76e0d3222a86f3bb9147b410a31d5b41b4358c28c1fca19398a5006a7b	-	./sessions/twda1/retire
file	500	c84399469d74eda29059d073f8550bd2b937f6f515b08bcdc33b56d3c4f70393	-	./sessions/twda1/review
file	500	ffe33dded31fae60aa35b83fd9df5e783f2a110bd7753865940fdda5704b624c	-	./sessions/twda1/say
file	500	91b0ec71a12125546951f5cac6c90958940b5d153ba8164524bb951e10fb24a8	-	./sessions/twda1/send
file	500	336e8271fef419a91d513d4f279f8b220376861c53e39120540d812c3598a6a9	-	./sessions/twda1/spawn
file	500	986a6441f22f3f13385a5a492779081d28aaf38e7239f440078c8ff395cc9100	-	./sessions/twda1/state
file	500	d84a15e45271d9ea64fb4f188c0be59f7be2c898c95e18b4ec3b46e25de06cc1	-	./sessions/twda1/watchdog
file	444	0203b56638c155b10c09a0f2da161a2b71e0df60b1129c1f4c4dcbb0b3c4713a	-	./sessions/twda1/workspace.md
dir	500	-	-	./sessions/twda2
file	500	91da0d9b5bcd6d3c8abcd5c974fe7be0c63a329ba5971cbbb57b6fd8e71a2d40	-	./sessions/twda2/_lib
file	500	c721ca5febeedffb03db2f4fc0b50034e3e4674d1a95fac7715e345242ad1811	-	./sessions/twda2/_register-sid
file	500	e97fd815e17b2c05af59e74dff8e86a7a4758699bf440f83508ff6601207cff6	-	./sessions/twda2/agents
file	500	b9e34f5a19049f490477578df6890a104eece6212ab71c7252599ba08a23f67e	-	./sessions/twda2/ask
file	500	3a238f619cef096f841b46154f733cf69c02ed692140f476d0d922a9920f1f79	-	./sessions/twda2/events-tail
file	444	0553a5be84ee5c4b33b4f816447e8207dc7455cd87024ecf872123c9f6cd407c	-	./sessions/twda2/events.jsonl
file	444	e3b0c44298fc1c149afbf4c8996fb92427ae41e4649b934ca495991b7852b855	-	./sessions/twda2/events.jsonl.lock
file	500	b99c064fc6d6cedb48a4ac6506bc7eadb91eb78784976c7e8aa8b37a71c1ae34	-	./sessions/twda2/focus
file	500	19aaeae31baaeb7683213c5d796e00f0791d5c2ca575a66663e113d1970f811d	-	./sessions/twda2/goal
file	500	c4ae6dd3260d97d9531a7d5431cfd70448e784e926cc8fb97d168dffc706a949	-	./sessions/twda2/interrupt
file	500	605b50248415babdd61ef1da14e911486706906df3da00394f6cf41891f5e1a1	-	./sessions/twda2/launch.main.sh
file	500	9ccb473ebd8d94e93b1b5963e3791abdf1c7a2f36d3a7c3cda5ca9ad7029e411	-	./sessions/twda2/loop
file	500	e6ac70ef4b06895da3c0c2c467bb516fe78d2e893edb68f8208f2a32b4fafe98	-	./sessions/twda2/mark-done
file	500	015b02d44e3f623ed36c0f5d562c8d17e562383c178b59898bd90e8c24aa3389	-	./sessions/twda2/memo
dir	555	-	-	./sessions/twda2/messages
file	400	807d207cbf85f8bf62662c1642e73583bc0b8228a0d4c508a210653d303e64ba	-	./sessions/twda2/messages/msg-20260820T150153Z.nudge.Of9Q1B.txt
file	400	807d207cbf85f8bf62662c1642e73583bc0b8228a0d4c508a210653d303e64ba	-	./sessions/twda2/messages/msg-20260820T150159Z.nudge.X1xdht.txt
file	444	276c4a1f464718f4591c9908670b73583b9420f7d03ae35ff6dfc90c7fdca59d	-	./sessions/twda2/meta
file	444	e3b0c44298fc1c149afbf4c8996fb92427ae41e4649b934ca495991b7852b855	-	./sessions/twda2/meta.lock
file	500	e80cd4509934a5aa3cd1ed857cda8b359aad9f19f481a21fa6f21243b62442dd	-	./sessions/twda2/peak
file	500	aca933b1b14b03b1e277e28516a60928d6c24020fd6cc4af909ae1accb095759	-	./sessions/twda2/peek
file	500	7d60a140b30bbbe0ddd15e5d8f343b21d4e284bec69df6a56c109cdd906f3a41	-	./sessions/twda2/reply
file	500	12250cf45a289ed6f42a48139df9e420ad6f07102f99590641550b92d2358ffe	-	./sessions/twda2/requests
file	500	1883cb76e0d3222a86f3bb9147b410a31d5b41b4358c28c1fca19398a5006a7b	-	./sessions/twda2/retire
file	500	c84399469d74eda29059d073f8550bd2b937f6f515b08bcdc33b56d3c4f70393	-	./sessions/twda2/review
file	500	ffe33dded31fae60aa35b83fd9df5e783f2a110bd7753865940fdda5704b624c	-	./sessions/twda2/say
file	500	91b0ec71a12125546951f5cac6c90958940b5d153ba8164524bb951e10fb24a8	-	./sessions/twda2/send
file	500	336e8271fef419a91d513d4f279f8b220376861c53e39120540d812c3598a6a9	-	./sessions/twda2/spawn
file	500	986a6441f22f3f13385a5a492779081d28aaf38e7239f440078c8ff395cc9100	-	./sessions/twda2/state
file	500	d84a15e45271d9ea64fb4f188c0be59f7be2c898c95e18b4ec3b46e25de06cc1	-	./sessions/twda2/watchdog
file	444	2e8a0c1fafbfddd2d4a126105380da72f886e0de8908d9c3754707ae159b11ec	-	./sessions/twda2/workspace.md
dir	500	-	-	./sessions/twda3
file	500	91da0d9b5bcd6d3c8abcd5c974fe7be0c63a329ba5971cbbb57b6fd8e71a2d40	-	./sessions/twda3/_lib
file	500	c721ca5febeedffb03db2f4fc0b50034e3e4674d1a95fac7715e345242ad1811	-	./sessions/twda3/_register-sid
file	500	e97fd815e17b2c05af59e74dff8e86a7a4758699bf440f83508ff6601207cff6	-	./sessions/twda3/agents
file	500	b9e34f5a19049f490477578df6890a104eece6212ab71c7252599ba08a23f67e	-	./sessions/twda3/ask
file	500	3a238f619cef096f841b46154f733cf69c02ed692140f476d0d922a9920f1f79	-	./sessions/twda3/events-tail
file	444	174f9bf2bf1e8813b6960e3eba5afad25b570397dcc72c9cdcd9f36ebfbc3213	-	./sessions/twda3/events.jsonl
file	444	e3b0c44298fc1c149afbf4c8996fb92427ae41e4649b934ca495991b7852b855	-	./sessions/twda3/events.jsonl.lock
file	500	b99c064fc6d6cedb48a4ac6506bc7eadb91eb78784976c7e8aa8b37a71c1ae34	-	./sessions/twda3/focus
file	500	19aaeae31baaeb7683213c5d796e00f0791d5c2ca575a66663e113d1970f811d	-	./sessions/twda3/goal
file	500	c4ae6dd3260d97d9531a7d5431cfd70448e784e926cc8fb97d168dffc706a949	-	./sessions/twda3/interrupt
file	500	605b50248415babdd61ef1da14e911486706906df3da00394f6cf41891f5e1a1	-	./sessions/twda3/launch.main.sh
file	500	9ccb473ebd8d94e93b1b5963e3791abdf1c7a2f36d3a7c3cda5ca9ad7029e411	-	./sessions/twda3/loop
file	500	e6ac70ef4b06895da3c0c2c467bb516fe78d2e893edb68f8208f2a32b4fafe98	-	./sessions/twda3/mark-done
file	500	015b02d44e3f623ed36c0f5d562c8d17e562383c178b59898bd90e8c24aa3389	-	./sessions/twda3/memo
file	444	7e9d9f3098a34cb70a224fdf0908eba5e4089168e5049c3efa4512df9647b15b	-	./sessions/twda3/meta
file	444	e3b0c44298fc1c149afbf4c8996fb92427ae41e4649b934ca495991b7852b855	-	./sessions/twda3/meta.lock
file	500	e80cd4509934a5aa3cd1ed857cda8b359aad9f19f481a21fa6f21243b62442dd	-	./sessions/twda3/peak
file	500	aca933b1b14b03b1e277e28516a60928d6c24020fd6cc4af909ae1accb095759	-	./sessions/twda3/peek
file	500	7d60a140b30bbbe0ddd15e5d8f343b21d4e284bec69df6a56c109cdd906f3a41	-	./sessions/twda3/reply
file	500	12250cf45a289ed6f42a48139df9e420ad6f07102f99590641550b92d2358ffe	-	./sessions/twda3/requests
file	500	1883cb76e0d3222a86f3bb9147b410a31d5b41b4358c28c1fca19398a5006a7b	-	./sessions/twda3/retire
file	500	c84399469d74eda29059d073f8550bd2b937f6f515b08bcdc33b56d3c4f70393	-	./sessions/twda3/review
file	500	ffe33dded31fae60aa35b83fd9df5e783f2a110bd7753865940fdda5704b624c	-	./sessions/twda3/say
file	500	91b0ec71a12125546951f5cac6c90958940b5d153ba8164524bb951e10fb24a8	-	./sessions/twda3/send
file	500	336e8271fef419a91d513d4f279f8b220376861c53e39120540d812c3598a6a9	-	./sessions/twda3/spawn
file	500	986a6441f22f3f13385a5a492779081d28aaf38e7239f440078c8ff395cc9100	-	./sessions/twda3/state
file	500	d84a15e45271d9ea64fb4f188c0be59f7be2c898c95e18b4ec3b46e25de06cc1	-	./sessions/twda3/watchdog
file	444	cb296e63b8d1b5a55eb50a4a1550b91bce9d7e85f694a46b8cbf0eba99f6c071	-	./sessions/twda3/workspace.md
