./_lib	91da0d9b5bcd6d3c8abcd5c974fe7be0c63a329ba5971cbbb57b6fd8e71a2d40
./_register-sid	c721ca5febeedffb03db2f4fc0b50034e3e4674d1a95fac7715e345242ad1811
./agents	e97fd815e17b2c05af59e74dff8e86a7a4758699bf440f83508ff6601207cff6
./ask	b9e34f5a19049f490477578df6890a104eece6212ab71c7252599ba08a23f67e
./events-tail	3a238f619cef096f841b46154f733cf69c02ed692140f476d0d922a9920f1f79
./events.jsonl	a59531595cccf0b5d80b99dc6f4bdd49da1b46534a64a5b97e3cfe90a9dae12f
./events.jsonl.lock	e3b0c44298fc1c149afbf4c8996fb92427ae41e4649b934ca495991b7852b855
./focus	b99c064fc6d6cedb48a4ac6506bc7eadb91eb78784976c7e8aa8b37a71c1ae34
./goal	19aaeae31baaeb7683213c5d796e00f0791d5c2ca575a66663e113d1970f811d
./interrupt	c4ae6dd3260d97d9531a7d5431cfd70448e784e926cc8fb97d168dffc706a949
./launch.main.sh	605b50248415babdd61ef1da14e911486706906df3da00394f6cf41891f5e1a1
./loop	9ccb473ebd8d94e93b1b5963e3791abdf1c7a2f36d3a7c3cda5ca9ad7029e411
./mark-done	e6ac70ef4b06895da3c0c2c467bb516fe78d2e893edb68f8208f2a32b4fafe98
./memo	015b02d44e3f623ed36c0f5d562c8d17e562383c178b59898bd90e8c24aa3389
./meta	1dd517e72f20f352a49e16a449160a328ad154add44fd7daa3def32d7465e5fb
./meta.lock	e3b0c44298fc1c149afbf4c8996fb92427ae41e4649b934ca495991b7852b855
./peak	e80cd4509934a5aa3cd1ed857cda8b359aad9f19f481a21fa6f21243b62442dd
./peek	aca933b1b14b03b1e277e28516a60928d6c24020fd6cc4af909ae1accb095759
./reply	7d60a140b30bbbe0ddd15e5d8f343b21d4e284bec69df6a56c109cdd906f3a41
./requests	12250cf45a289ed6f42a48139df9e420ad6f07102f99590641550b92d2358ffe
./retire	1883cb76e0d3222a86f3bb9147b410a31d5b41b4358c28c1fca19398a5006a7b
./review	c84399469d74eda29059d073f8550bd2b937f6f515b08bcdc33b56d3c4f70393
./say	ffe33dded31fae60aa35b83fd9df5e783f2a110bd7753865940fdda5704b624c
./send	91b0ec71a12125546951f5cac6c90958940b5d153ba8164524bb951e10fb24a8
./spawn	336e8271fef419a91d513d4f279f8b220376861c53e39120540d812c3598a6a9
./state	986a6441f22f3f13385a5a492779081d28aaf38e7239f440078c8ff395cc9100
./watchdog	d84a15e45271d9ea64fb4f188c0be59f7be2c898c95e18b4ec3b46e25de06cc1
./workspace.md	811646cadf8309dc0cd229f6bafd6c708d16d97294f84a6199528b21c95d9a07
